id,eventcode,time,type,meaning,group,checkas,ingroup,unusual,need
1,203,18717,other,other,0,1,0,0,0
2,199,18731,other,other,0,1,0,0,0
3,200,23748,other,other,0,1,0,0,0
4,200,24765,other,other,0,1,0,0,0
5,200,25781,other,other,0,1,0,0,0
6,3,28765,stimulate,low competance face,1,1,1,0,1
7,202,29374,response,high competance key,1,2,2,0,1
8,5,31206,stimulate,medium competance face,2,1,1,0,1
9,202,31775,response,high competance key,2,2,2,0,1
10,7,33407,stimulate,high competance face,3,1,1,0,1
11,201,33951,response,low competance key,3,2,2,0,1
12,3,35723,stimulate,low competance face,4,1,1,0,1
13,202,36319,response,high competance key,4,2,2,0,1
14,5,38023,stimulate,medium competance face,5,1,1,0,1
15,201,38624,response,low competance key,5,2,2,0,1
16,7,40273,stimulate,high competance face,6,1,1,0,1
17,201,41008,response,low competance key,6,2,2,0,1
18,7,42865,stimulate,high competance face,7,1,1,0,1
19,202,43712,response,high competance key,7,2,2,0,1
20,7,45265,stimulate,high competance face,8,1,1,0,1
21,201,46177,response,low competance key,8,2,2,0,1
22,3,47599,stimulate,low competance face,9,1,1,0,1
23,202,48401,response,high competance key,9,2,2,0,1
24,5,50149,stimulate,medium competance face,10,1,1,0,1
25,201,50850,response,low competance key,10,2,2,0,1
26,7,52474,stimulate,high competance face,11,1,1,0,1
27,201,53154,response,low competance key,11,2,2,0,1
28,3,54891,stimulate,low competance face,12,1,1,0,1
29,202,55874,response,high competance key,12,2,2,0,1
30,7,57141,stimulate,high competance face,13,1,1,0,1
31,201,57891,response,low competance key,13,2,2,0,1
32,7,59382,stimulate,high competance face,14,1,1,0,1
33,202,60099,response,high competance key,14,2,2,0,1
34,7,61807,stimulate,high competance face,15,1,1,0,1
35,201,62467,response,low competance key,15,2,2,0,1
36,5,64182,stimulate,medium competance face,16,1,1,0,1
37,202,64788,response,high competance key,16,2,2,0,1
38,7,66666,stimulate,high competance face,17,1,1,0,1
39,201,67252,response,low competance key,17,2,2,0,1
40,7,69016,stimulate,high competance face,18,1,1,0,1
41,201,69604,response,low competance key,18,2,2,0,1
42,3,71266,stimulate,low competance face,19,1,1,0,1
43,202,71829,response,high competance key,19,2,2,0,1
44,5,73841,stimulate,medium competance face,20,1,1,0,1
45,201,74517,response,low competance key,20,2,2,0,1
46,5,76166,stimulate,medium competance face,21,1,1,0,1
47,201,76773,response,low competance key,21,2,2,0,1
48,5,78675,stimulate,medium competance face,22,1,1,0,1
49,201,79350,response,low competance key,22,2,2,0,1
50,5,81083,stimulate,medium competance face,23,1,1,0,1
51,201,81814,response,low competance key,23,2,2,0,1
52,3,83633,stimulate,low competance face,24,1,1,0,1
53,202,84310,response,high competance key,24,2,2,0,1
54,5,86066,stimulate,medium competance face,25,1,1,0,1
55,202,86711,response,high competance key,25,2,2,0,1
56,3,88508,stimulate,low competance face,26,1,1,0,1
57,202,89047,response,high competance key,26,2,2,0,1
58,3,91083,stimulate,low competance face,27,1,1,0,1
59,202,91608,response,high competance key,27,2,2,0,1
60,5,93633,stimulate,medium competance face,28,1,1,0,1
61,202,94072,response,high competance key,28,2,2,0,1
62,5,95892,stimulate,medium competance face,29,1,1,0,1
63,202,96792,response,high competance key,29,2,2,0,1
64,5,98142,stimulate,medium competance face,30,1,1,0,1
65,201,98761,response,low competance key,30,2,2,0,1
66,3,100400,stimulate,low competance face,31,1,1,0,1
67,202,101017,response,high competance key,31,2,2,0,1
68,3,102725,stimulate,low competance face,32,1,1,0,1
69,201,103561,response,low competance key,32,2,2,0,1
70,3,105200,stimulate,low competance face,33,1,1,0,1
71,202,105866,response,high competance key,33,2,2,0,1
72,7,107684,stimulate,high competance face,34,1,1,0,1
73,201,108410,response,low competance key,34,2,2,0,1
74,7,110084,stimulate,high competance face,35,1,1,0,1
75,201,110618,response,low competance key,35,2,2,0,1
76,7,112517,stimulate,high competance face,36,1,1,0,1
77,201,113115,response,low competance key,36,2,2,0,1
78,5,114851,stimulate,medium competance face,37,1,1,0,1
79,202,115803,response,high competance key,37,2,2,0,1
80,5,117067,stimulate,medium competance face,38,1,1,0,1
81,201,117899,response,low competance key,38,2,2,0,1
82,3,119667,stimulate,low competance face,39,1,1,0,1
83,202,120444,response,high competance key,39,2,2,0,1
84,3,122076,stimulate,low competance face,40,1,1,0,1
85,202,122796,response,high competance key,40,2,2,0,1
86,7,124509,stimulate,high competance face,41,1,1,0,1
87,201,125148,response,low competance key,41,2,2,0,1
88,7,126934,stimulate,high competance face,42,1,1,0,1
89,202,127677,response,high competance key,42,2,2,0,1
90,3,129476,stimulate,low competance face,43,1,1,0,1
91,202,130061,response,high competance key,43,2,2,0,1
92,5,131801,stimulate,medium competance face,44,1,1,0,1
93,201,132398,response,low competance key,44,2,2,0,1
94,3,134318,stimulate,low competance face,45,1,1,0,1
95,202,134878,response,high competance key,45,2,2,0,1
96,203,179845,other,other,0,1,0,0,0
97,7,184619,stimulate,high competance face,46,1,1,0,1
98,201,185317,response,low competance key,46,2,2,0,1
99,3,187153,stimulate,low competance face,47,1,1,0,1
100,202,187638,response,high competance key,47,2,2,0,1
101,7,189753,stimulate,high competance face,48,1,1,0,1
102,201,190374,response,low competance key,48,2,2,0,1
103,5,192044,stimulate,medium competance face,49,1,1,0,1
104,202,192710,response,high competance key,49,2,2,0,1
105,3,194253,stimulate,low competance face,50,1,1,0,1
106,202,194855,response,high competance key,50,2,2,0,1
107,3,196803,stimulate,low competance face,51,1,1,0,1
108,202,197399,response,high competance key,51,2,2,0,1
109,5,199203,stimulate,medium competance face,52,1,1,0,1
110,201,199864,response,low competance key,52,2,2,0,1
111,7,201686,stimulate,high competance face,53,1,1,0,1
112,201,202328,response,low competance key,53,2,2,0,1
113,5,204028,stimulate,medium competance face,54,1,1,0,1
114,202,204632,response,high competance key,54,2,2,0,1
115,5,206486,stimulate,medium competance face,55,1,1,0,1
116,202,207321,response,high competance key,55,2,2,0,1
117,7,208970,stimulate,high competance face,56,1,1,0,1
118,201,209801,response,low competance key,56,2,2,0,1
119,3,211512,stimulate,low competance face,57,1,1,0,1
120,202,212089,response,high competance key,57,2,2,0,1
121,7,213962,stimulate,high competance face,58,1,1,0,1
122,201,214586,response,low competance key,58,2,2,0,1
123,7,216312,stimulate,high competance face,59,1,1,0,1
124,201,216794,response,low competance key,59,2,2,0,1
125,3,218578,stimulate,low competance face,60,1,1,0,1
126,202,219210,response,high competance key,60,2,2,0,1
127,3,220837,stimulate,low competance face,61,1,1,0,1
128,202,221419,response,high competance key,61,2,2,0,1
129,5,223195,stimulate,medium competance face,62,1,1,0,1
130,202,223835,response,high competance key,62,2,2,0,1
131,3,225570,stimulate,low competance face,63,1,1,0,1
132,202,226139,response,high competance key,63,2,2,0,1
133,5,228129,stimulate,medium competance face,64,1,1,0,1
134,202,228780,response,high competance key,64,2,2,0,1
135,7,230462,stimulate,high competance face,65,1,1,0,1
136,201,231116,response,low competance key,65,2,2,0,1
137,3,232721,stimulate,low competance face,66,1,1,0,1
138,202,233581,response,high competance key,66,2,2,0,1
139,5,235021,stimulate,medium competance face,67,1,1,0,1
140,202,235565,response,high competance key,67,2,2,0,1
141,5,237537,stimulate,medium competance face,68,1,1,0,1
142,202,238317,response,high competance key,68,2,2,0,1
143,5,239746,stimulate,medium competance face,69,1,1,0,1
144,202,240254,response,high competance key,69,2,2,0,1
145,7,241987,stimulate,high competance face,70,1,1,0,1
146,201,242718,response,low competance key,70,2,2,0,1
147,7,244304,stimulate,high competance face,71,1,1,0,1
148,201,244974,response,low competance key,71,2,2,0,1
149,3,246796,stimulate,low competance face,72,1,1,0,1
150,202,247487,response,high competance key,72,2,2,0,1
151,5,249196,stimulate,medium competance face,73,1,1,0,1
152,202,249727,response,high competance key,73,2,2,0,1
153,7,251671,stimulate,high competance face,74,1,1,0,1
154,201,252287,response,low competance key,74,2,2,0,1
155,7,254238,stimulate,high competance face,75,1,1,0,1
156,201,254864,response,low competance key,75,2,2,0,1
157,3,256513,stimulate,low competance face,76,1,1,0,1
158,202,257152,response,high competance key,76,2,2,0,1
159,7,259030,stimulate,high competance face,77,1,1,0,1
160,201,259648,response,low competance key,77,2,2,0,1
161,7,261538,stimulate,high competance face,78,1,1,0,1
162,202,262145,response,high competance key,78,2,2,0,1
163,3,263796,stimulate,low competance face,79,1,1,0,1
164,202,264417,response,high competance key,79,2,2,0,1
165,5,266163,stimulate,medium competance face,80,1,1,0,1
166,202,266881,response,high competance key,80,2,2,0,1
167,3,268455,stimulate,low competance face,81,1,1,0,1
168,202,268962,response,high competance key,81,2,2,0,1
169,7,270772,stimulate,high competance face,82,1,1,0,1
170,201,271394,response,low competance key,82,2,2,0,1
171,5,273105,stimulate,medium competance face,83,1,1,0,1
172,201,273874,response,low competance key,83,2,2,0,1
173,3,275438,stimulate,low competance face,84,1,1,0,1
174,202,276035,response,high competance key,84,2,2,0,1
175,5,277855,stimulate,medium competance face,85,1,1,0,1
176,201,278547,response,low competance key,85,2,2,0,1
177,7,280205,stimulate,high competance face,86,1,1,0,1
178,201,280723,response,low competance key,86,2,2,0,1
179,3,282589,stimulate,low competance face,87,1,1,0,1
180,202,283364,response,high competance key,87,2,2,0,1
181,3,284905,stimulate,low competance face,88,1,1,0,1
182,202,285476,response,high competance key,88,2,2,0,1
183,5,287339,stimulate,medium competance face,89,1,1,0,1
184,202,287989,response,high competance key,89,2,2,0,1
185,5,289605,stimulate,medium competance face,90,1,1,0,1
186,202,290277,response,high competance key,90,2,2,0,1
187,203,342349,other,other,0,1,0,0,0
188,5,347332,stimulate,medium competance face,91,1,1,0,1
189,201,348141,response,low competance key,91,2,2,0,1
190,5,349565,stimulate,medium competance face,92,1,1,0,1
191,201,350142,response,low competance key,92,2,2,0,1
192,5,352132,stimulate,medium competance face,93,1,1,0,1
193,202,352622,response,high competance key,93,2,2,0,1
194,5,354407,stimulate,medium competance face,94,1,1,0,1
195,202,354910,response,high competance key,94,2,2,0,1
196,5,356941,stimulate,medium competance face,95,1,1,0,1
197,202,357471,response,high competance key,95,2,2,0,1
198,7,359174,stimulate,high competance face,96,1,1,0,1
199,202,359775,response,high competance key,96,2,2,0,1
200,7,361641,stimulate,high competance face,97,1,1,0,1
201,202,362528,response,high competance key,97,2,2,0,1
202,7,363924,stimulate,high competance face,98,1,1,0,1
203,202,364816,response,high competance key,98,2,2,0,1
204,5,366224,stimulate,medium competance face,99,1,1,0,1
205,202,366880,response,high competance key,99,2,2,0,1
206,7,368516,stimulate,high competance face,100,1,1,0,1
207,201,369057,response,low competance key,100,2,2,0,1
208,7,370774,stimulate,high competance face,101,1,1,0,1
209,202,371377,response,high competance key,101,2,2,0,1
210,3,373158,stimulate,low competance face,102,1,1,0,1
211,202,373729,response,high competance key,102,2,2,0,1
212,3,375750,stimulate,low competance face,103,1,1,0,1
213,202,376418,response,high competance key,103,2,2,0,1
214,3,378316,stimulate,low competance face,104,1,1,0,1
215,202,378882,response,high competance key,104,2,2,0,1
216,5,380708,stimulate,medium competance face,105,1,1,0,1
217,202,381250,response,high competance key,105,2,2,0,1
218,3,383208,stimulate,low competance face,106,1,1,0,1
219,202,383795,response,high competance key,106,2,2,0,1
220,5,385716,stimulate,medium competance face,107,1,1,0,1
221,202,386227,response,high competance key,107,2,2,0,1
222,7,388225,stimulate,high competance face,108,1,1,0,1
223,201,388755,response,low competance key,108,2,2,0,1
224,5,390725,stimulate,medium competance face,109,1,1,0,1
225,201,391268,response,low competance key,109,2,2,0,1
226,3,393200,stimulate,low competance face,110,1,1,0,1
227,201,393892,response,low competance key,110,2,2,0,1
228,7,395717,stimulate,high competance face,111,1,1,0,1
229,201,396309,response,low competance key,111,2,2,0,1
230,5,398208,stimulate,medium competance face,112,1,1,0,1
231,202,398837,response,high competance key,112,2,2,0,1
232,3,400759,stimulate,low competance face,113,1,1,0,1
233,202,401381,response,high competance key,113,2,2,0,1
234,7,403050,stimulate,high competance face,114,1,1,0,1
235,202,403558,response,high competance key,114,2,2,0,1
236,3,405625,stimulate,low competance face,115,1,1,0,1
237,202,406182,response,high competance key,115,2,2,0,1
238,5,407942,stimulate,medium competance face,116,1,1,0,1
239,202,408886,response,high competance key,116,2,2,0,1
240,3,410517,stimulate,low competance face,117,1,1,0,1
241,202,411127,response,high competance key,117,2,2,0,1
242,3,412742,stimulate,low competance face,118,1,1,0,1
243,202,413287,response,high competance key,118,2,2,0,1
244,5,415301,stimulate,medium competance face,119,1,1,0,1
245,202,415847,response,high competance key,119,2,2,0,1
246,5,417826,stimulate,medium competance face,120,1,1,0,1
247,202,418328,response,high competance key,120,2,2,0,1
248,7,420267,stimulate,high competance face,121,1,1,0,1
249,201,420712,response,low competance key,121,2,2,0,1
250,7,422867,stimulate,high competance face,122,1,1,0,1
251,201,423401,response,low competance key,122,2,2,0,1
252,3,425451,stimulate,low competance face,123,1,1,0,1
253,202,426233,response,high competance key,123,2,2,0,1
254,3,428043,stimulate,low competance face,124,1,1,0,1
255,202,428665,response,high competance key,124,2,2,0,1
256,5,430426,stimulate,medium competance face,125,1,1,0,1
257,202,431050,response,high competance key,125,2,2,0,1
258,7,432709,stimulate,high competance face,126,1,1,0,1
259,201,433370,response,low competance key,126,2,2,0,1
260,7,434968,stimulate,high competance face,127,1,1,0,1
261,201,435610,response,low competance key,127,2,2,0,1
262,3,437443,stimulate,low competance face,128,1,1,0,1
263,202,438139,response,high competance key,128,2,2,0,1
264,3,439751,stimulate,low competance face,129,1,1,0,1
265,202,440331,response,high competance key,129,2,2,0,1
266,3,442260,stimulate,low competance face,130,1,1,0,1
267,202,442827,response,high competance key,130,2,2,0,1
268,7,444801,stimulate,high competance face,131,1,1,0,1
269,201,445500,response,low competance key,131,2,2,0,1
270,7,447168,stimulate,high competance face,132,1,1,0,1
271,201,447756,response,low competance key,132,2,2,0,1
272,3,449677,stimulate,low competance face,133,1,1,0,1
273,202,450253,response,high competance key,133,2,2,0,1
274,5,451943,stimulate,medium competance face,134,1,1,0,1
275,201,452621,response,low competance key,134,2,2,0,1
276,7,454535,stimulate,high competance face,135,1,1,0,1
277,201,455117,response,low competance key,135,2,2,0,1
278,203,495155,other,other,0,1,0,0,0
279,5,500095,stimulate,medium competance face,136,1,1,0,1
280,201,500772,response,low competance key,136,2,2,0,1
281,7,502511,stimulate,high competance face,137,1,1,0,1
282,201,503012,response,low competance key,137,2,2,0,1
283,7,504945,stimulate,high competance face,138,1,1,0,1
284,201,505445,response,low competance key,138,2,2,0,1
285,7,507212,stimulate,high competance face,139,1,1,0,1
286,201,507765,response,low competance key,139,2,2,0,1
287,7,509762,stimulate,high competance face,140,1,1,0,1
288,202,510645,response,high competance key,140,2,2,0,1
289,5,512003,stimulate,medium competance face,141,1,1,0,1
290,202,512454,response,high competance key,141,2,2,0,1
291,3,514603,stimulate,low competance face,142,1,1,0,1
292,202,515142,response,high competance key,142,2,2,0,1
293,5,517195,stimulate,medium competance face,143,1,1,0,1
294,202,518071,response,high competance key,143,2,2,0,1
295,3,519579,stimulate,low competance face,144,1,1,0,1
296,202,520151,response,high competance key,144,2,2,0,1
297,5,521937,stimulate,medium competance face,145,1,1,0,1
298,202,522455,response,high competance key,145,2,2,0,1
299,5,524212,stimulate,medium competance face,146,1,1,0,1
300,202,524888,response,high competance key,146,2,2,0,1
301,5,526712,stimulate,medium competance face,147,1,1,0,1
302,201,527272,response,low competance key,147,2,2,0,1
303,5,529162,stimulate,medium competance face,148,1,1,0,1
304,202,530248,response,high competance key,148,2,2,0,1
305,3,531471,stimulate,low competance face,149,1,1,0,1
306,202,532089,response,high competance key,149,2,2,0,1
307,5,533687,stimulate,medium competance face,150,1,1,0,1
308,201,534233,response,low competance key,150,2,2,0,1
309,7,536237,stimulate,high competance face,151,1,1,0,1
310,201,536857,response,low competance key,151,2,2,0,1
311,3,538737,stimulate,low competance face,152,1,1,0,1
312,201,539562,response,low competance key,152,2,2,0,1
313,7,541129,stimulate,high competance face,153,1,1,0,1
314,201,541642,response,low competance key,153,2,2,0,1
315,7,543721,stimulate,high competance face,154,1,1,0,1
316,201,544298,response,low competance key,154,2,2,0,1
317,5,545963,stimulate,medium competance face,155,1,1,0,1
318,202,546507,response,high competance key,155,2,2,0,1
319,3,548546,stimulate,low competance face,156,1,1,0,1
320,202,549083,response,high competance key,156,2,2,0,1
321,5,550979,stimulate,medium competance face,157,1,1,0,1
322,202,551708,response,high competance key,157,2,2,0,1
323,7,553546,stimulate,high competance face,158,1,1,0,1
324,201,554236,response,low competance key,158,2,2,0,1
325,3,556146,stimulate,low competance face,159,1,1,0,1
326,202,556748,response,high competance key,159,2,2,0,1
327,5,558605,stimulate,medium competance face,160,1,1,0,1
328,202,559277,response,high competance key,160,2,2,0,1
329,3,560846,stimulate,low competance face,161,1,1,0,1
330,202,561501,response,high competance key,161,2,2,0,1
331,3,563246,stimulate,low competance face,162,1,1,0,1
332,202,563853,response,high competance key,162,2,2,0,1
333,3,565755,stimulate,low competance face,163,1,1,0,1
334,202,566366,response,high competance key,163,2,2,0,1
335,3,568188,stimulate,low competance face,164,1,1,0,1
336,201,569230,response,low competance key,164,2,2,0,1
337,3,570722,stimulate,low competance face,165,1,1,0,1
338,202,571358,response,high competance key,165,2,2,0,1
339,5,573197,stimulate,medium competance face,166,1,1,0,1
340,201,573935,response,low competance key,166,2,2,0,1
341,7,575538,stimulate,high competance face,167,1,1,0,1
342,201,576303,response,low competance key,167,2,2,0,1
343,7,577813,stimulate,high competance face,168,1,1,0,1
344,201,578511,response,low competance key,168,2,2,0,1
345,3,580389,stimulate,low competance face,169,1,1,0,1
346,202,581024,response,high competance key,169,2,2,0,1
347,3,582922,stimulate,low competance face,170,1,1,0,1
348,202,583664,response,high competance key,170,2,2,0,1
349,5,585455,stimulate,medium competance face,171,1,1,0,1
350,202,586049,response,high competance key,171,2,2,0,1
351,5,587947,stimulate,medium competance face,172,1,1,0,1
352,202,588545,response,high competance key,172,2,2,0,1
353,7,590281,stimulate,high competance face,173,1,1,0,1
354,201,590977,response,low competance key,173,2,2,0,1
355,7,592706,stimulate,high competance face,174,1,1,0,1
356,201,593346,response,low competance key,174,2,2,0,1
357,7,595031,stimulate,high competance face,175,1,1,0,1
358,202,595762,response,high competance key,175,2,2,0,1
359,3,597289,stimulate,low competance face,176,1,1,0,1
360,202,598146,response,high competance key,176,2,2,0,1
361,3,599689,stimulate,low competance face,177,1,1,0,1
362,202,600275,response,high competance key,177,2,2,0,1
363,7,601956,stimulate,high competance face,178,1,1,0,1
364,201,602851,response,low competance key,178,2,2,0,1
365,7,604198,stimulate,high competance face,179,1,1,0,1
366,201,604851,response,low competance key,179,2,2,0,1
367,5,606756,stimulate,medium competance face,180,1,1,0,1
368,202,607396,response,high competance key,180,2,2,0,1
369,203,803201,other,other,0,1,0,0,0
370,5,807895,stimulate,medium competance face,181,1,1,0,1
371,201,808866,response,low competance key,181,2,2,0,1
372,3,810362,stimulate,low competance face,182,1,1,0,1
373,201,810818,response,low competance key,182,2,2,0,1
374,3,812695,stimulate,low competance face,183,1,1,0,1
375,202,813330,response,high competance key,183,2,2,0,1
376,5,815245,stimulate,medium competance face,184,1,1,0,1
377,202,815763,response,high competance key,184,2,2,0,1
378,3,817787,stimulate,low competance face,185,1,1,0,1
379,202,818291,response,high competance key,185,2,2,0,1
380,7,820237,stimulate,high competance face,186,1,1,0,1
381,201,820691,response,low competance key,186,2,2,0,1
382,5,822820,stimulate,medium competance face,187,1,1,0,1
383,202,823284,response,high competance key,187,2,2,0,1
384,5,825145,stimulate,medium competance face,188,1,1,0,1
385,202,825588,response,high competance key,188,2,2,0,1
386,7,827695,stimulate,high competance face,189,1,1,0,1
387,202,828196,response,high competance key,189,2,2,0,1
388,3,829921,stimulate,low competance face,190,1,1,0,1
389,202,830421,response,high competance key,190,2,2,0,1
390,5,832187,stimulate,medium competance face,191,1,1,0,1
391,201,832837,response,low competance key,191,2,2,0,1
392,5,834612,stimulate,medium competance face,192,1,1,0,1
393,202,835061,response,high competance key,192,2,2,0,1
394,7,836829,stimulate,high competance face,193,1,1,0,1
395,201,837494,response,low competance key,193,2,2,0,1
396,5,839212,stimulate,medium competance face,194,1,1,0,1
397,202,839830,response,high competance key,194,2,2,0,1
398,3,841654,stimulate,low competance face,195,1,1,0,1
399,202,842182,response,high competance key,195,2,2,0,1
400,7,844179,stimulate,high competance face,196,1,1,0,1
401,201,844871,response,low competance key,196,2,2,0,1
402,7,846421,stimulate,high competance face,197,1,1,0,1
403,201,847143,response,low competance key,197,2,2,0,1
404,3,848921,stimulate,low competance face,198,1,1,0,1
405,202,849448,response,high competance key,198,2,2,0,1
406,3,851480,stimulate,low competance face,199,1,1,0,1
407,202,852056,response,high competance key,199,2,2,0,1
408,3,853688,stimulate,low competance face,200,1,1,0,1
409,202,854296,response,high competance key,200,2,2,0,1
410,7,856005,stimulate,high competance face,201,1,1,0,1
411,201,856633,response,low competance key,201,2,2,0,1
412,3,858296,stimulate,low competance face,202,1,1,0,1
413,202,858841,response,high competance key,202,2,2,0,1
414,5,860680,stimulate,medium competance face,203,1,1,0,1
415,202,861353,response,high competance key,203,2,2,0,1
416,7,863113,stimulate,high competance face,204,1,1,0,1
417,201,863786,response,low competance key,204,2,2,0,1
418,5,865563,stimulate,medium competance face,205,1,1,0,1
419,202,866010,response,high competance key,205,2,2,0,1
420,5,868097,stimulate,medium competance face,206,1,1,0,1
421,202,868666,response,high competance key,206,2,2,0,1
422,7,870697,stimulate,high competance face,207,1,1,0,1
423,201,871291,response,low competance key,207,2,2,0,1
424,7,873030,stimulate,high competance face,208,1,1,0,1
425,201,873691,response,low competance key,208,2,2,0,1
426,3,875447,stimulate,low competance face,209,1,1,0,1
427,202,876011,response,high competance key,209,2,2,0,1
428,5,878022,stimulate,medium competance face,210,1,1,0,1
429,202,878732,response,high competance key,210,2,2,0,1
430,7,880364,stimulate,high competance face,211,1,1,0,1
431,201,881020,response,low competance key,211,2,2,0,1
432,5,882897,stimulate,medium competance face,212,1,1,0,1
433,202,883389,response,high competance key,212,2,2,0,1
434,3,885280,stimulate,low competance face,213,1,1,0,1
435,202,885789,response,high competance key,213,2,2,0,1
436,7,887547,stimulate,high competance face,214,1,1,0,1
437,201,888125,response,low competance key,214,2,2,0,1
438,5,889856,stimulate,medium competance face,215,1,1,0,1
439,201,890510,response,low competance key,215,2,2,0,1
440,3,892264,stimulate,low competance face,216,1,1,0,1
441,202,892750,response,high competance key,216,2,2,0,1
442,3,894556,stimulate,low competance face,217,1,1,0,1
443,202,895182,response,high competance key,217,2,2,0,1
444,5,896839,stimulate,medium competance face,218,1,1,0,1
445,202,897647,response,high competance key,218,2,2,0,1
446,7,899056,stimulate,high competance face,219,1,1,0,1
447,201,899743,response,low competance key,219,2,2,0,1
448,7,901564,stimulate,high competance face,220,1,1,0,1
449,201,902095,response,low competance key,220,2,2,0,1
450,5,903981,stimulate,medium competance face,221,1,1,0,1
451,202,904528,response,high competance key,221,2,2,0,1
452,7,906339,stimulate,high competance face,222,1,1,0,1
453,202,907440,response,high competance key,222,2,2,0,1
454,7,908739,stimulate,high competance face,223,1,1,0,1
455,202,909568,response,high competance key,223,2,2,0,1
456,3,910948,stimulate,low competance face,224,1,1,0,1
457,202,911537,response,high competance key,224,2,2,0,1
458,3,913431,stimulate,low competance face,225,1,1,0,1
459,202,914017,response,high competance key,225,2,2,0,1
460,203,967161,other,other,0,1,0,0,0
461,5,971983,stimulate,medium competance face,226,1,1,0,1
462,202,972874,response,high competance key,226,2,2,0,1
463,3,974283,stimulate,low competance face,227,1,1,0,1
464,202,974778,response,high competance key,227,2,2,0,1
465,5,976633,stimulate,medium competance face,228,1,1,0,1
466,201,977258,response,low competance key,228,2,2,0,1
467,5,978966,stimulate,medium competance face,229,1,1,0,1
468,202,979419,response,high competance key,229,2,2,0,1
469,3,981525,stimulate,low competance face,230,1,1,0,1
470,202,982027,response,high competance key,230,2,2,0,1
471,5,983783,stimulate,medium competance face,231,1,1,0,1
472,202,984379,response,high competance key,231,2,2,0,1
473,5,986333,stimulate,medium competance face,232,1,1,0,1
474,201,986860,response,low competance key,232,2,2,0,1
475,7,988742,stimulate,high competance face,233,1,1,0,1
476,201,989228,response,low competance key,233,2,2,0,1
477,7,991200,stimulate,high competance face,234,1,1,0,1
478,201,991693,response,low competance key,234,2,2,0,1
479,7,993525,stimulate,high competance face,235,1,1,0,1
480,202,994253,response,high competance key,235,2,2,0,1
481,7,995942,stimulate,high competance face,236,1,1,0,1
482,201,996605,response,low competance key,236,2,2,0,1
483,5,998300,stimulate,medium competance face,237,1,1,0,1
484,201,998974,response,low competance key,237,2,2,0,1
485,5,1000775,stimulate,medium competance face,238,1,1,0,1
486,202,1001326,response,high competance key,238,2,2,0,1
487,7,1003367,stimulate,high competance face,239,1,1,0,1
488,201,1003918,response,low competance key,239,2,2,0,1
489,5,1005784,stimulate,medium competance face,240,1,1,0,1
490,202,1006527,response,high competance key,240,2,2,0,1
491,3,1008259,stimulate,low competance face,241,1,1,0,1
492,202,1008751,response,high competance key,241,2,2,0,1
493,7,1010626,stimulate,high competance face,242,1,1,0,1
494,201,1011247,response,low competance key,242,2,2,0,1
495,7,1013217,stimulate,high competance face,243,1,1,0,1
496,201,1013856,response,low competance key,243,2,2,0,1
497,7,1015426,stimulate,high competance face,244,1,1,0,1
498,201,1015984,response,low competance key,244,2,2,0,1
499,5,1017934,stimulate,medium competance face,245,1,1,0,1
500,202,1018705,response,high competance key,245,2,2,0,1
501,7,1020426,stimulate,high competance face,246,1,1,0,1
502,201,1021393,response,low competance key,246,2,2,0,1
503,5,1022776,stimulate,medium competance face,247,1,1,0,1
504,202,1023441,response,high competance key,247,2,2,0,1
505,5,1025318,stimulate,medium competance face,248,1,1,0,1
506,202,1026066,response,high competance key,248,2,2,0,1
507,3,1027626,stimulate,low competance face,249,1,1,0,1
508,202,1028210,response,high competance key,249,2,2,0,1
509,3,1030076,stimulate,low competance face,250,1,1,0,1
510,202,1030786,response,high competance key,250,2,2,0,1
511,3,1032368,stimulate,low competance face,251,1,1,0,1
512,202,1032883,response,high competance key,251,2,2,0,1
513,7,1034793,stimulate,high competance face,252,1,1,0,1
514,202,1035715,response,high competance key,252,2,2,0,1
515,3,1037310,stimulate,low competance face,253,1,1,0,1
516,202,1037891,response,high competance key,253,2,2,0,1
517,3,1039818,stimulate,low competance face,254,1,1,0,1
518,202,1040388,response,high competance key,254,2,2,0,1
519,3,1042135,stimulate,low competance face,255,1,1,0,1
520,202,1042644,response,high competance key,255,2,2,0,1
521,7,1044427,stimulate,high competance face,256,1,1,0,1
522,201,1044916,response,low competance key,256,2,2,0,1
523,5,1046710,stimulate,medium competance face,257,1,1,0,1
524,202,1047269,response,high competance key,257,2,2,0,1
525,3,1049260,stimulate,low competance face,258,1,1,0,1
526,202,1049829,response,high competance key,258,2,2,0,1
527,7,1051568,stimulate,high competance face,259,1,1,0,1
528,202,1052117,response,high competance key,259,2,2,0,1
529,7,1054110,stimulate,high competance face,260,1,1,0,1
530,201,1054598,response,low competance key,260,2,2,0,1
531,7,1056360,stimulate,high competance face,261,1,1,0,1
532,201,1057142,response,low competance key,261,2,2,0,1
533,3,1058685,stimulate,low competance face,262,1,1,0,1
534,202,1059191,response,high competance key,262,2,2,0,1
535,3,1061194,stimulate,low competance face,263,1,1,0,1
536,202,1061703,response,high competance key,263,2,2,0,1
537,5,1063502,stimulate,medium competance face,264,1,1,0,1
538,202,1065079,response,high competance key,264,2,2,0,1
539,3,1065769,stimulate,low competance face,265,1,1,0,1
540,202,1066360,response,high competance key,265,2,2,0,1
541,3,1068002,stimulate,low competance face,266,1,1,0,1
542,202,1068504,response,high competance key,266,2,2,0,1
543,5,1070577,stimulate,medium competance face,267,1,1,0,1
544,202,1071096,response,high competance key,267,2,2,0,1
545,7,1072952,stimulate,high competance face,268,1,1,0,1
546,201,1073545,response,low competance key,268,2,2,0,1
547,5,1075219,stimulate,medium competance face,269,1,1,0,1
548,202,1075721,response,high competance key,269,2,2,0,1
549,3,1077794,stimulate,low competance face,270,1,1,0,1
550,202,1078441,response,high competance key,270,2,2,0,1
551,203,1144995,other,other,0,1,0,0,0
552,3,1149838,stimulate,low competance face,271,1,1,0,1
553,202,1150436,response,high competance key,271,2,2,0,1
554,5,1152288,stimulate,medium competance face,272,1,1,0,1
555,201,1152884,response,low competance key,272,2,2,0,1
556,5,1154771,stimulate,medium competance face,273,1,1,0,1
557,202,1155221,response,high competance key,273,2,2,0,1
558,3,1156996,stimulate,low competance face,274,1,1,0,1
559,202,1157461,response,high competance key,274,2,2,0,1
560,3,1159471,stimulate,low competance face,275,1,1,0,1
561,202,1159925,response,high competance key,275,2,2,0,1
562,7,1161913,stimulate,high competance face,276,1,1,0,1
563,201,1162598,response,low competance key,276,2,2,0,1
564,7,1164297,stimulate,high competance face,277,1,1,0,1
565,201,1164806,response,low competance key,277,2,2,0,1
566,5,1166755,stimulate,medium competance face,278,1,1,0,1
567,201,1167478,response,low competance key,278,2,2,0,1
568,7,1169138,stimulate,high competance face,279,1,1,0,1
569,201,1169911,response,low competance key,279,2,2,0,1
570,7,1171730,stimulate,high competance face,280,1,1,0,1
571,201,1172343,response,low competance key,280,2,2,0,1
572,7,1174114,stimulate,high competance face,281,1,1,0,1
573,202,1174840,response,high competance key,281,2,2,0,1
574,7,1176547,stimulate,high competance face,282,1,1,0,1
575,201,1177048,response,low competance key,282,2,2,0,1
576,7,1179039,stimulate,high competance face,283,1,1,0,1
577,201,1179800,response,low competance key,283,2,2,0,1
578,3,1181547,stimulate,low competance face,284,1,1,0,1
579,202,1182073,response,high competance key,284,2,2,0,1
580,5,1184130,stimulate,medium competance face,285,1,1,0,1
581,202,1184617,response,high competance key,285,2,2,0,1
582,3,1186506,stimulate,low competance face,286,1,1,0,1
583,202,1187065,response,high competance key,286,2,2,0,1
584,5,1189031,stimulate,medium competance face,287,1,1,0,1
585,202,1189562,response,high competance key,287,2,2,0,1
586,5,1191331,stimulate,medium competance face,288,1,1,0,1
587,202,1191802,response,high competance key,288,2,2,0,1
588,5,1193681,stimulate,medium competance face,289,1,1,0,1
589,202,1194170,response,high competance key,289,2,2,0,1
590,3,1195906,stimulate,low competance face,290,1,1,0,1
591,201,1196715,response,low competance key,290,2,2,0,1
592,5,1198231,stimulate,medium competance face,291,1,1,0,1
593,202,1198955,response,high competance key,291,2,2,0,1
594,7,1200498,stimulate,high competance face,292,1,1,0,1
595,201,1201067,response,low competance key,292,2,2,0,1
596,7,1202998,stimulate,high competance face,293,1,1,0,1
597,201,1203612,response,low competance key,293,2,2,0,1
598,3,1205373,stimulate,low competance face,294,1,1,0,1
599,202,1205852,response,high competance key,294,2,2,0,1
600,3,1207748,stimulate,low competance face,295,1,1,0,1
601,202,1208205,response,high competance key,295,2,2,0,1
602,7,1210106,stimulate,high competance face,296,1,1,0,1
603,201,1210733,response,low competance key,296,2,2,0,1
604,5,1212623,stimulate,medium competance face,297,1,1,0,1
605,202,1213181,response,high competance key,297,2,2,0,1
606,7,1214873,stimulate,high competance face,298,1,1,0,1
607,202,1215454,response,high competance key,298,2,2,0,1
608,3,1217106,stimulate,low competance face,299,1,1,0,1
609,202,1217646,response,high competance key,299,2,2,0,1
610,5,1219556,stimulate,medium competance face,300,1,1,0,1
611,202,1220030,response,high competance key,300,2,2,0,1
612,5,1221848,stimulate,medium competance face,301,1,1,0,1
613,201,1222335,response,low competance key,301,2,2,0,1
614,5,1224440,stimulate,medium competance face,302,1,1,0,1
615,202,1225231,response,high competance key,302,2,2,0,1
616,3,1227023,stimulate,low competance face,303,1,1,0,1
617,202,1227519,response,high competance key,303,2,2,0,1
618,5,1229248,stimulate,medium competance face,304,1,1,0,1
619,202,1229920,response,high competance key,304,2,2,0,1
620,7,1231673,stimulate,high competance face,305,1,1,0,1
621,201,1232320,response,low competance key,305,2,2,0,1
622,3,1233890,stimulate,low competance face,306,1,1,0,1
623,202,1234512,response,high competance key,306,2,2,0,1
624,3,1236240,stimulate,low competance face,307,1,1,0,1
625,202,1236785,response,high competance key,307,2,2,0,1
626,5,1238557,stimulate,medium competance face,308,1,1,0,1
627,202,1239153,response,high competance key,308,2,2,0,1
628,3,1240857,stimulate,low competance face,309,1,1,0,1
629,202,1241329,response,high competance key,309,2,2,0,1
630,7,1243099,stimulate,high competance face,310,1,1,0,1
631,201,1243650,response,low competance key,310,2,2,0,1
632,3,1245691,stimulate,low competance face,311,1,1,0,1
633,202,1246274,response,high competance key,311,2,2,0,1
634,7,1248224,stimulate,high competance face,312,1,1,0,1
635,201,1248835,response,low competance key,312,2,2,0,1
636,3,1250707,stimulate,low competance face,313,1,1,0,1
637,202,1251203,response,high competance key,313,2,2,0,1
638,7,1253041,stimulate,high competance face,314,1,1,0,1
639,201,1253619,response,low competance key,314,2,2,0,1
640,5,1255391,stimulate,medium competance face,315,1,1,0,1
641,201,1256468,response,low competance key,315,2,2,0,1
642,203,1302491,other,other,0,1,0,0,0
643,5,1307326,stimulate,medium competance face,316,1,1,0,1
644,201,1308011,response,low competance key,316,2,2,0,1
645,5,1309801,stimulate,medium competance face,317,1,1,0,1
646,202,1310316,response,high competance key,317,2,2,0,1
647,5,1312392,stimulate,medium competance face,318,1,1,0,1
648,201,1312908,response,low competance key,318,2,2,0,1
649,3,1314884,stimulate,low competance face,319,1,1,0,1
650,202,1315388,response,high competance key,319,2,2,0,1
651,7,1317159,stimulate,high competance face,320,1,1,0,1
652,201,1317965,response,low competance key,320,2,2,0,1
653,5,1319534,stimulate,medium competance face,321,1,1,0,1
654,201,1320109,response,low competance key,321,2,2,0,1
655,3,1321993,stimulate,low competance face,322,1,1,0,1
656,202,1322701,response,high competance key,322,2,2,0,1
657,5,1324259,stimulate,medium competance face,323,1,1,0,1
658,201,1324830,response,low competance key,323,2,2,0,1
659,3,1326609,stimulate,low competance face,324,1,1,0,1
660,202,1327038,response,high competance key,324,2,2,0,1
661,7,1328901,stimulate,high competance face,325,1,1,0,1
662,201,1329438,response,low competance key,325,2,2,0,1
663,3,1331151,stimulate,low competance face,326,1,1,0,1
664,202,1331775,response,high competance key,326,2,2,0,1
665,7,1333626,stimulate,high competance face,327,1,1,0,1
666,201,1334207,response,low competance key,327,2,2,0,1
667,5,1335985,stimulate,medium competance face,328,1,1,0,1
668,201,1336848,response,low competance key,328,2,2,0,1
669,3,1338576,stimulate,low competance face,329,1,1,0,1
670,202,1339120,response,high competance key,329,2,2,0,1
671,3,1340910,stimulate,low competance face,330,1,1,0,1
672,202,1341392,response,high competance key,330,2,2,0,1
673,3,1343327,stimulate,low competance face,331,1,1,0,1
674,202,1343857,response,high competance key,331,2,2,0,1
675,5,1345618,stimulate,medium competance face,332,1,1,0,1
676,202,1346081,response,high competance key,332,2,2,0,1
677,7,1348110,stimulate,high competance face,333,1,1,0,1
678,201,1348721,response,low competance key,333,2,2,0,1
679,7,1350593,stimulate,high competance face,334,1,1,0,1
680,201,1351218,response,low competance key,334,2,2,0,1
681,7,1352910,stimulate,high competance face,335,1,1,0,1
682,202,1353538,response,high competance key,335,2,2,0,1
683,5,1355260,stimulate,medium competance face,336,1,1,0,1
684,202,1356018,response,high competance key,336,2,2,0,1
685,3,1357510,stimulate,low competance face,337,1,1,0,1
686,202,1358243,response,high competance key,337,2,2,0,1
687,7,1359727,stimulate,high competance face,338,1,1,0,1
688,202,1360211,response,high competance key,338,2,2,0,1
689,5,1362210,stimulate,medium competance face,339,1,1,0,1
690,202,1362771,response,high competance key,339,2,2,0,1
691,3,1364452,stimulate,low competance face,340,1,1,0,1
692,202,1365028,response,high competance key,340,2,2,0,1
693,7,1366877,stimulate,high competance face,341,1,1,0,1
694,201,1367636,response,low competance key,341,2,2,0,1
695,7,1369344,stimulate,high competance face,342,1,1,0,1
696,201,1370052,response,low competance key,342,2,2,0,1
697,7,1371619,stimulate,high competance face,343,1,1,0,1
698,201,1372293,response,low competance key,343,2,2,0,1
699,5,1373961,stimulate,medium competance face,344,1,1,0,1
700,202,1374453,response,high competance key,344,2,2,0,1
701,7,1376328,stimulate,high competance face,345,1,1,0,1
702,201,1377510,response,low competance key,345,2,2,0,1
703,5,1378586,stimulate,medium competance face,346,1,1,0,1
704,202,1379222,response,high competance key,346,2,2,0,1
705,5,1380919,stimulate,medium competance face,347,1,1,0,1
706,202,1381638,response,high competance key,347,2,2,0,1
707,7,1383153,stimulate,high competance face,348,1,1,0,1
708,201,1383766,response,low competance key,348,2,2,0,1
709,3,1385361,stimulate,low competance face,349,1,1,0,1
710,202,1385879,response,high competance key,349,2,2,0,1
711,5,1387578,stimulate,medium competance face,350,1,1,0,1
712,201,1388167,response,low competance key,350,2,2,0,1
713,3,1390078,stimulate,low competance face,351,1,1,0,1
714,202,1390599,response,high competance key,351,2,2,0,1
715,7,1392428,stimulate,high competance face,352,1,1,0,1
716,201,1393048,response,low competance key,352,2,2,0,1
717,3,1394945,stimulate,low competance face,353,1,1,0,1
718,202,1395496,response,high competance key,353,2,2,0,1
719,5,1397320,stimulate,medium competance face,354,1,1,0,1
720,202,1397929,response,high competance key,354,2,2,0,1
721,7,1399870,stimulate,high competance face,355,1,1,0,1
722,201,1400489,response,low competance key,355,2,2,0,1
723,7,1402295,stimulate,high competance face,356,1,1,0,1
724,201,1402905,response,low competance key,356,2,2,0,1
725,3,1404645,stimulate,low competance face,357,1,1,0,1
726,202,1405226,response,high competance key,357,2,2,0,1
727,3,1407228,stimulate,low competance face,358,1,1,0,1
728,202,1407802,response,high competance key,358,2,2,0,1
729,5,1409578,stimulate,medium competance face,359,1,1,0,1
730,202,1410106,response,high competance key,359,2,2,0,1
731,3,1411962,stimulate,low competance face,360,1,1,0,1
732,202,1412715,response,high competance key,360,2,2,0,1
733,203,1541086,other,other,0,1,0,0,0
734,3,1545799,stimulate,low competance face,361,1,1,0,1
735,202,1546430,response,high competance key,361,2,2,0,1
736,7,1548016,stimulate,high competance face,362,1,1,0,1
737,201,1548623,response,low competance key,362,2,2,0,1
738,5,1550507,stimulate,medium competance face,363,1,1,0,1
739,202,1550959,response,high competance key,363,2,2,0,1
740,3,1552924,stimulate,low competance face,364,1,1,0,1
741,202,1553343,response,high competance key,364,2,2,0,1
742,3,1555258,stimulate,low competance face,365,1,1,0,1
743,202,1555648,response,high competance key,365,2,2,0,1
744,5,1557733,stimulate,medium competance face,366,1,1,0,1
745,202,1558144,response,high competance key,366,2,2,0,1
746,5,1559991,stimulate,medium competance face,367,1,1,0,1
747,201,1560817,response,low competance key,367,2,2,0,1
748,5,1562358,stimulate,medium competance face,368,1,1,0,1
749,202,1562881,response,high competance key,368,2,2,0,1
750,7,1564599,stimulate,high competance face,369,1,1,0,1
751,201,1565217,response,low competance key,369,2,2,0,1
752,5,1566808,stimulate,medium competance face,370,1,1,0,1
753,202,1567346,response,high competance key,370,2,2,0,1
754,3,1569250,stimulate,low competance face,371,1,1,0,1
755,202,1569746,response,high competance key,371,2,2,0,1
756,7,1571658,stimulate,high competance face,372,1,1,0,1
757,201,1572306,response,low competance key,372,2,2,0,1
758,5,1574116,stimulate,medium competance face,373,1,1,0,1
759,201,1574707,response,low competance key,373,2,2,0,1
760,5,1576366,stimulate,medium competance face,374,1,1,0,1
761,202,1576899,response,high competance key,374,2,2,0,1
762,3,1578675,stimulate,low competance face,375,1,1,0,1
763,202,1579155,response,high competance key,375,2,2,0,1
764,7,1580967,stimulate,high competance face,376,1,1,0,1
765,202,1581668,response,high competance key,376,2,2,0,1
766,5,1583450,stimulate,medium competance face,377,1,1,0,1
767,202,1583892,response,high competance key,377,2,2,0,1
768,3,1585983,stimulate,low competance face,378,1,1,0,1
769,202,1586452,response,high competance key,378,2,2,0,1
770,7,1588542,stimulate,high competance face,379,1,1,0,1
771,201,1589157,response,low competance key,379,2,2,0,1
772,3,1591109,stimulate,low competance face,380,1,1,0,1
773,202,1591557,response,high competance key,380,2,2,0,1
774,3,1593350,stimulate,low competance face,381,1,1,0,1
775,202,1593925,response,high competance key,381,2,2,0,1
776,3,1595892,stimulate,low competance face,382,1,1,0,1
777,201,1596630,response,low competance key,382,2,2,0,1
778,3,1598467,stimulate,low competance face,383,1,1,0,1
779,202,1598934,response,high competance key,383,2,2,0,1
780,3,1600817,stimulate,low competance face,384,1,1,0,1
781,202,1601303,response,high competance key,384,2,2,0,1
782,5,1603184,stimulate,medium competance face,385,1,1,0,1
783,202,1603639,response,high competance key,385,2,2,0,1
784,3,1605392,stimulate,low competance face,386,1,1,0,1
785,202,1605863,response,high competance key,386,2,2,0,1
786,3,1607701,stimulate,low competance face,387,1,1,0,1
787,202,1608152,response,high competance key,387,2,2,0,1
788,7,1609976,stimulate,high competance face,388,1,1,0,1
789,201,1610456,response,low competance key,388,2,2,0,1
790,7,1612492,stimulate,high competance face,389,1,1,0,1
791,201,1613480,response,low competance key,389,2,2,0,1
792,7,1615076,stimulate,high competance face,390,1,1,0,1
793,201,1615673,response,low competance key,390,2,2,0,1
794,7,1617476,stimulate,high competance face,391,1,1,0,1
795,201,1618249,response,low competance key,391,2,2,0,1
796,3,1619843,stimulate,low competance face,392,1,1,0,1
797,202,1620377,response,high competance key,392,2,2,0,1
798,5,1622393,stimulate,medium competance face,393,1,1,0,1
799,201,1623082,response,low competance key,393,2,2,0,1
800,7,1624668,stimulate,high competance face,394,1,1,0,1
801,201,1625402,response,low competance key,394,2,2,0,1
802,3,1627176,stimulate,low competance face,395,1,1,0,1
803,202,1627658,response,high competance key,395,2,2,0,1
804,7,1629451,stimulate,high competance face,396,1,1,0,1
805,201,1629979,response,low competance key,396,2,2,0,1
806,5,1631685,stimulate,medium competance face,397,1,1,0,1
807,202,1632283,response,high competance key,397,2,2,0,1
808,7,1634226,stimulate,high competance face,398,1,1,0,1
809,201,1634748,response,low competance key,398,2,2,0,1
810,7,1636635,stimulate,high competance face,399,1,1,0,1
811,201,1637084,response,low competance key,399,2,2,0,1
812,5,1639110,stimulate,medium competance face,400,1,1,0,1
813,202,1639676,response,high competance key,400,2,2,0,1
814,7,1641493,stimulate,high competance face,401,1,1,0,1
815,201,1642109,response,low competance key,401,2,2,0,1
816,5,1644060,stimulate,medium competance face,402,1,1,0,1
817,202,1645037,response,high competance key,402,2,2,0,1
818,5,1646568,stimulate,medium competance face,403,1,1,0,1
819,202,1647053,response,high competance key,403,2,2,0,1
820,7,1649135,stimulate,high competance face,404,1,1,0,1
821,201,1649742,response,low competance key,404,2,2,0,1
822,5,1651519,stimulate,medium competance face,405,1,1,0,1
823,202,1652014,response,high competance key,405,2,2,0,1
824,203,1705174,other,other,0,1,0,0,0
825,5,1710095,stimulate,medium competance face,406,1,1,0,1
826,202,1710775,response,high competance key,406,2,2,0,1
827,5,1712570,stimulate,medium competance face,407,1,1,0,1
828,202,1713015,response,high competance key,407,2,2,0,1
829,7,1714854,stimulate,high competance face,408,1,1,0,1
830,201,1715511,response,low competance key,408,2,2,0,1
831,3,1717320,stimulate,low competance face,409,1,1,0,1
832,202,1717784,response,high competance key,409,2,2,0,1
833,3,1719862,stimulate,low competance face,410,1,1,0,1
834,202,1720440,response,high competance key,410,2,2,0,1
835,3,1722129,stimulate,low competance face,411,1,1,0,1
836,202,1722681,response,high competance key,411,2,2,0,1
837,5,1724721,stimulate,medium competance face,412,1,1,0,1
838,202,1725385,response,high competance key,412,2,2,0,1
839,3,1727304,stimulate,low competance face,413,1,1,0,1
840,202,1727817,response,high competance key,413,2,2,0,1
841,5,1729887,stimulate,medium competance face,414,1,1,0,1
842,202,1730362,response,high competance key,414,2,2,0,1
843,5,1732271,stimulate,medium competance face,415,1,1,0,1
844,202,1732746,response,high competance key,415,2,2,0,1
845,5,1734704,stimulate,medium competance face,416,1,1,0,1
846,202,1735226,response,high competance key,416,2,2,0,1
847,7,1737188,stimulate,high competance face,417,1,1,0,1
848,201,1737675,response,low competance key,417,2,2,0,1
849,7,1739421,stimulate,high competance face,418,1,1,0,1
850,201,1739963,response,low competance key,418,2,2,0,1
851,5,1741871,stimulate,medium competance face,419,1,1,0,1
852,201,1742491,response,low competance key,419,2,2,0,1
853,7,1744130,stimulate,high competance face,420,1,1,0,1
854,201,1744700,response,low competance key,420,2,2,0,1
855,7,1746705,stimulate,high competance face,421,1,1,0,1
856,201,1747228,response,low competance key,421,2,2,0,1
857,7,1748946,stimulate,high competance face,422,1,1,0,1
858,201,1749532,response,low competance key,422,2,2,0,1
859,7,1751480,stimulate,high competance face,423,1,1,0,1
860,201,1752061,response,low competance key,423,2,2,0,1
861,5,1753880,stimulate,medium competance face,424,1,1,0,1
862,202,1754541,response,high competance key,424,2,2,0,1
863,3,1756105,stimulate,low competance face,425,1,1,0,1
864,202,1756766,response,high competance key,425,2,2,0,1
865,3,1758413,stimulate,low competance face,426,1,1,0,1
866,202,1758926,response,high competance key,426,2,2,0,1
867,3,1760947,stimulate,low competance face,427,1,1,0,1
868,202,1761502,response,high competance key,427,2,2,0,1
869,7,1763388,stimulate,high competance face,428,1,1,0,1
870,201,1764511,response,low competance key,428,2,2,0,1
871,3,1765772,stimulate,low competance face,429,1,1,0,1
872,202,1766591,response,high competance key,429,2,2,0,1
873,7,1768014,stimulate,high competance face,430,1,1,0,1
874,201,1768799,response,low competance key,430,2,2,0,1
875,3,1770414,stimulate,low competance face,431,1,1,0,1
876,202,1770992,response,high competance key,431,2,2,0,1
877,5,1772897,stimulate,medium competance face,432,1,1,0,1
878,202,1773488,response,high competance key,432,2,2,0,1
879,5,1775172,stimulate,medium competance face,433,1,1,0,1
880,201,1775904,response,low competance key,433,2,2,0,1
881,3,1777764,stimulate,low competance face,434,1,1,0,1
882,202,1778321,response,high competance key,434,2,2,0,1
883,3,1780089,stimulate,low competance face,435,1,1,0,1
884,202,1780593,response,high competance key,435,2,2,0,1
885,3,1782397,stimulate,low competance face,436,1,1,0,1
886,202,1782881,response,high competance key,436,2,2,0,1
887,5,1784781,stimulate,medium competance face,437,1,1,0,1
888,202,1785202,response,high competance key,437,2,2,0,1
889,7,1787347,stimulate,high competance face,438,1,1,0,1
890,201,1787906,response,low competance key,438,2,2,0,1
891,5,1789614,stimulate,medium competance face,439,1,1,0,1
892,202,1790114,response,high competance key,439,2,2,0,1
893,5,1792048,stimulate,medium competance face,440,1,1,0,1
894,202,1792595,response,high competance key,440,2,2,0,1
895,7,1794473,stimulate,high competance face,441,1,1,0,1
896,201,1795059,response,low competance key,441,2,2,0,1
897,3,1796731,stimulate,low competance face,442,1,1,0,1
898,202,1797396,response,high competance key,442,2,2,0,1
899,7,1798939,stimulate,high competance face,443,1,1,0,1
900,201,1799540,response,low competance key,443,2,2,0,1
901,7,1801398,stimulate,high competance face,444,1,1,0,1
902,202,1801876,response,high competance key,444,2,2,0,1
903,5,1803956,stimulate,medium competance face,445,1,1,0,1
904,202,1804533,response,high competance key,445,2,2,0,1
905,3,1806356,stimulate,low competance face,446,1,1,0,1
906,202,1806773,response,high competance key,446,2,2,0,1
907,5,1808756,stimulate,medium competance face,447,1,1,0,1
908,202,1809237,response,high competance key,447,2,2,0,1
909,7,1811315,stimulate,high competance face,448,1,1,0,1
910,201,1811862,response,low competance key,448,2,2,0,1
911,3,1813606,stimulate,low competance face,449,1,1,0,1
912,202,1814118,response,high competance key,449,2,2,0,1
913,7,1815990,stimulate,high competance face,450,1,1,0,1
914,201,1816502,response,low competance key,450,2,2,0,1
915,203,1888801,other,other,0,1,0,0,0
916,3,2012212,stimulate,low competance face,451,1,1,0,1
917,202,2012819,response,high competance key,451,2,2,0,1
918,3,2014670,stimulate,low competance face,452,1,1,0,1
919,202,2015108,response,high competance key,452,2,2,0,1
920,5,2016979,stimulate,medium competance face,453,1,1,0,1
921,201,2017636,response,low competance key,453,2,2,0,1
922,5,2019571,stimulate,medium competance face,454,1,1,0,1
923,202,2020052,response,high competance key,454,2,2,0,1
924,5,2021837,stimulate,medium competance face,455,1,1,0,1
925,202,2022341,response,high competance key,455,2,2,0,1
926,7,2024237,stimulate,high competance face,456,1,1,0,1
927,201,2024901,response,low competance key,456,2,2,0,1
928,7,2026604,stimulate,high competance face,457,1,1,0,1
929,201,2027189,response,low competance key,457,2,2,0,1
930,5,2029046,stimulate,medium competance face,458,1,1,0,1
931,202,2029494,response,high competance key,458,2,2,0,1
932,3,2031571,stimulate,low competance face,459,1,1,0,1
933,202,2032102,response,high competance key,459,2,2,0,1
934,3,2033821,stimulate,low competance face,460,1,1,0,1
935,202,2034487,response,high competance key,460,2,2,0,1
936,5,2036221,stimulate,medium competance face,461,1,1,0,1
937,201,2036759,response,low competance key,461,2,2,0,1
938,3,2038496,stimulate,low competance face,462,1,1,0,1
939,202,2039111,response,high competance key,462,2,2,0,1
940,5,2041055,stimulate,medium competance face,463,1,1,0,1
941,201,2041912,response,low competance key,463,2,2,0,1
942,7,2043563,stimulate,high competance face,464,1,1,0,1
943,201,2044168,response,low competance key,464,2,2,0,1
944,7,2045838,stimulate,high competance face,465,1,1,0,1
945,201,2046392,response,low competance key,465,2,2,0,1
946,5,2048396,stimulate,medium competance face,466,1,1,0,1
947,202,2048873,response,high competance key,466,2,2,0,1
948,3,2050688,stimulate,low competance face,467,1,1,0,1
949,202,2051161,response,high competance key,467,2,2,0,1
950,7,2052938,stimulate,high competance face,468,1,1,0,1
951,201,2054297,response,low competance key,468,2,2,0,1
952,5,2055463,stimulate,medium competance face,469,1,1,0,1
953,201,2056026,response,low competance key,469,2,2,0,1
954,7,2057830,stimulate,high competance face,470,1,1,0,1
955,202,2058554,response,high competance key,470,2,2,0,1
956,3,2060430,stimulate,low competance face,471,1,1,0,1
957,202,2061018,response,high competance key,471,2,2,0,1
958,5,2062697,stimulate,medium competance face,472,1,1,0,1
959,202,2063451,response,high competance key,472,2,2,0,1
960,3,2065222,stimulate,low competance face,473,1,1,0,1
961,202,2065691,response,high competance key,473,2,2,0,1
962,7,2067547,stimulate,high competance face,474,1,1,0,1
963,201,2068188,response,low competance key,474,2,2,0,1
964,3,2069764,stimulate,low competance face,475,1,1,0,1
965,202,2070284,response,high competance key,475,2,2,0,1
966,3,2071997,stimulate,low competance face,476,1,1,0,1
967,202,2072556,response,high competance key,476,2,2,0,1
968,7,2074555,stimulate,high competance face,477,1,1,0,1
969,201,2075117,response,low competance key,477,2,2,0,1
970,5,2077156,stimulate,medium competance face,478,1,1,0,1
971,202,2077661,response,high competance key,478,2,2,0,1
972,3,2079756,stimulate,low competance face,479,1,1,0,1
973,202,2080205,response,high competance key,479,2,2,0,1
974,7,2082006,stimulate,high competance face,480,1,1,0,1
975,201,2082558,response,low competance key,480,2,2,0,1
976,5,2084489,stimulate,medium competance face,481,1,1,0,1
977,202,2085006,response,high competance key,481,2,2,0,1
978,7,2086889,stimulate,high competance face,482,1,1,0,1
979,201,2087470,response,low competance key,482,2,2,0,1
980,5,2089181,stimulate,medium competance face,483,1,1,0,1
981,202,2089711,response,high competance key,483,2,2,0,1
982,5,2091698,stimulate,medium competance face,484,1,1,0,1
983,201,2092367,response,low competance key,484,2,2,0,1
984,5,2094264,stimulate,medium competance face,485,1,1,0,1
985,202,2094767,response,high competance key,485,2,2,0,1
986,3,2096839,stimulate,low competance face,486,1,1,0,1
987,202,2097344,response,high competance key,486,2,2,0,1
988,7,2099314,stimulate,high competance face,487,1,1,0,1
989,201,2100064,response,low competance key,487,2,2,0,1
990,3,2101581,stimulate,low competance face,488,1,1,0,1
991,202,2102113,response,high competance key,488,2,2,0,1
992,3,2104148,stimulate,low competance face,489,1,1,0,1
993,202,2104705,response,high competance key,489,2,2,0,1
994,7,2106398,stimulate,high competance face,490,1,1,0,1
995,201,2107073,response,low competance key,490,2,2,0,1
996,7,2108690,stimulate,high competance face,491,1,1,0,1
997,201,2109282,response,low competance key,491,2,2,0,1
998,5,2111065,stimulate,medium competance face,492,1,1,0,1
999,202,2111538,response,high competance key,492,2,2,0,1
1000,7,2113332,stimulate,high competance face,493,1,1,0,1
1001,202,2114290,response,high competance key,493,2,2,0,1
1002,7,2115790,stimulate,high competance face,494,1,1,0,1
1003,201,2116451,response,low competance key,494,2,2,0,1
1004,3,2118040,stimulate,low competance face,495,1,1,0,1
1005,202,2118595,response,high competance key,495,2,2,0,1
1006,203,2189646,other,other,0,1,0,0,0
1007,7,2194575,stimulate,high competance face,496,1,1,0,1
1008,202,2195678,response,high competance key,496,2,2,0,1
1009,3,2196976,stimulate,low competance face,497,1,1,0,1
1010,202,2197487,response,high competance key,497,2,2,0,1
1011,3,2199376,stimulate,low competance face,498,1,1,0,1
1012,202,2199791,response,high competance key,498,2,2,0,1
1013,3,2201934,stimulate,low competance face,499,1,1,0,1
1014,202,2202431,response,high competance key,499,2,2,0,1
1015,5,2204534,stimulate,medium competance face,500,1,1,0,1
1016,202,2204960,response,high competance key,500,2,2,0,1
1017,5,2206851,stimulate,medium competance face,501,1,1,0,1
1018,202,2207376,response,high competance key,501,2,2,0,1
1019,7,2209251,stimulate,high competance face,502,1,1,0,1
1020,201,2209840,response,low competance key,502,2,2,0,1
1021,5,2211726,stimulate,medium competance face,503,1,1,0,1
1022,202,2212369,response,high competance key,503,2,2,0,1
1023,7,2214284,stimulate,high competance face,504,1,1,0,1
1024,201,2214801,response,low competance key,504,2,2,0,1
1025,5,2216809,stimulate,medium competance face,505,1,1,0,1
1026,202,2217282,response,high competance key,505,2,2,0,1
1027,7,2219151,stimulate,high competance face,506,1,1,0,1
1028,201,2219778,response,low competance key,506,2,2,0,1
1029,3,2221610,stimulate,low competance face,507,1,1,0,1
1030,202,2222434,response,high competance key,507,2,2,0,1
1031,3,2223951,stimulate,low competance face,508,1,1,0,1
1032,202,2224387,response,high competance key,508,2,2,0,1
1033,7,2226268,stimulate,high competance face,509,1,1,0,1
1034,201,2226787,response,low competance key,509,2,2,0,1
1035,5,2228760,stimulate,medium competance face,510,1,1,0,1
1036,202,2229235,response,high competance key,510,2,2,0,1
1037,7,2231168,stimulate,high competance face,511,1,1,0,1
1038,201,2231748,response,low competance key,511,2,2,0,1
1039,7,2233427,stimulate,high competance face,512,1,1,0,1
1040,201,2234100,response,low competance key,512,2,2,0,1
1041,7,2235968,stimulate,high competance face,513,1,1,0,1
1042,201,2236532,response,low competance key,513,2,2,0,1
1043,5,2238427,stimulate,medium competance face,514,1,1,0,1
1044,202,2238933,response,high competance key,514,2,2,0,1
1045,3,2241018,stimulate,low competance face,515,1,1,0,1
1046,202,2241477,response,high competance key,515,2,2,0,1
1047,3,2243535,stimulate,low competance face,516,1,1,0,1
1048,202,2244022,response,high competance key,516,2,2,0,1
1049,5,2245944,stimulate,medium competance face,517,1,1,0,1
1050,202,2246550,response,high competance key,517,2,2,0,1
1051,5,2248260,stimulate,medium competance face,518,1,1,0,1
1052,202,2248742,response,high competance key,518,2,2,0,1
1053,3,2250519,stimulate,low competance face,519,1,1,0,1
1054,202,2250919,response,high competance key,519,2,2,0,1
1055,3,2252810,stimulate,low competance face,520,1,1,0,1
1056,202,2253255,response,high competance key,520,2,2,0,1
1057,5,2255377,stimulate,medium competance face,521,1,1,0,1
1058,201,2255943,response,low competance key,521,2,2,0,1
1059,3,2257761,stimulate,low competance face,522,1,1,0,1
1060,202,2258264,response,high competance key,522,2,2,0,1
1061,3,2260061,stimulate,low competance face,523,1,1,0,1
1062,202,2260536,response,high competance key,523,2,2,0,1
1063,5,2262286,stimulate,medium competance face,524,1,1,0,1
1064,202,2263016,response,high competance key,524,2,2,0,1
1065,7,2264744,stimulate,high competance face,525,1,1,0,1
1066,201,2265241,response,low competance key,525,2,2,0,1
1067,5,2267303,stimulate,medium competance face,526,1,1,0,1
1068,202,2267833,response,high competance key,526,2,2,0,1
1069,3,2269561,stimulate,low competance face,527,1,1,0,1
1070,202,2269993,response,high competance key,527,2,2,0,1
1071,7,2272161,stimulate,high competance face,528,1,1,0,1
1072,201,2272762,response,low competance key,528,2,2,0,1
1073,7,2274378,stimulate,high competance face,529,1,1,0,1
1074,201,2275066,response,low competance key,529,2,2,0,1
1075,3,2276728,stimulate,low competance face,530,1,1,0,1
1076,202,2277210,response,high competance key,530,2,2,0,1
1077,7,2278953,stimulate,high competance face,531,1,1,0,1
1078,201,2279547,response,low competance key,531,2,2,0,1
1079,7,2281186,stimulate,high competance face,532,1,1,0,1
1080,202,2281995,response,high competance key,532,2,2,0,1
1081,3,2283670,stimulate,low competance face,533,1,1,0,1
1082,202,2284219,response,high competance key,533,2,2,0,1
1083,5,2286020,stimulate,medium competance face,534,1,1,0,1
1084,202,2286428,response,high competance key,534,2,2,0,1
1085,5,2288303,stimulate,medium competance face,535,1,1,0,1
1086,202,2288764,response,high competance key,535,2,2,0,1
1087,7,2290645,stimulate,high competance face,536,1,1,0,1
1088,201,2291213,response,low competance key,536,2,2,0,1
1089,7,2293153,stimulate,high competance face,537,1,1,0,1
1090,201,2293629,response,low competance key,537,2,2,0,1
1091,5,2295728,stimulate,medium competance face,538,1,1,0,1
1092,202,2296221,response,high competance key,538,2,2,0,1
1093,3,2298037,stimulate,low competance face,539,1,1,0,1
1094,202,2298526,response,high competance key,539,2,2,0,1
1095,5,2300562,stimulate,medium competance face,540,1,1,0,1
1096,202,2301518,response,high competance key,540,2,2,0,1
